{"cameraMode":{"drawMode":0,"name":"Shaded","section":"Shading Mode"},"sceneLighting":true,"audioPlay":false,"sceneViewState":{"showFog":true,"showMaterialUpdate":false,"showSkybox":true,"showFlares":true,"showImageEffects":true,"showParticleSystems":true},"in2DMode":false,"pivot":{"x":-4.14299201965332,"y":1.6748874187469483,"z":2.351011276245117},"rotation":{"x":-0.11134543269872666,"y":0.07532455027103424,"z":-0.008464613929390908,"w":-0.990886926651001},"size":14.618271827697754,"orthographic":false}