{"cameraMode":{"drawMode":0,"name":"Shaded","section":"Shading Mode"},"sceneLighting":false,"audioPlay":false,"sceneViewState":{"showFog":true,"showMaterialUpdate":false,"showSkybox":true,"showFlares":true,"showImageEffects":true,"showParticleSystems":true},"in2DMode":false,"pivot":{"x":0.00017742067575454712,"y":-0.0008311718702316284,"z":-0.10323813557624817},"rotation":{"x":-0.12662102282047273,"y":0.6624348163604736,"z":-0.11500807851552963,"w":-0.7293288111686707},"size":0.8726217150688171,"orthographic":false}