{"cameraMode":{"drawMode":0,"name":"Shaded","section":"Shading Mode"},"sceneLighting":false,"audioPlay":false,"sceneViewState":{"showFog":true,"showMaterialUpdate":false,"showSkybox":true,"showFlares":true,"showImageEffects":true,"showParticleSystems":true},"in2DMode":false,"pivot":{"x":0.20698529481887818,"y":1.0781291723251343,"z":0.6618038415908814},"rotation":{"x":-0.15192586183547975,"y":0.7543002963066101,"z":-0.18771110475063325,"w":-0.6105032563209534},"size":1.9501835107803345,"orthographic":false}