{"cameraMode":{"drawMode":0,"name":"Shaded","section":"Shading Mode"},"sceneLighting":true,"audioPlay":false,"sceneViewState":{"showFog":true,"showMaterialUpdate":false,"showSkybox":true,"showFlares":true,"showImageEffects":true,"showParticleSystems":true},"in2DMode":false,"pivot":{"x":-1.184936761856079,"y":1.5,"z":2.4000000953674318},"rotation":{"x":-0.2693353295326233,"y":0.08880146592855454,"z":-0.024950170889496805,"w":-0.9586189985275269},"size":6.135550498962402,"orthographic":false}