{"cameraMode":{"drawMode":0,"name":"Shaded","section":"Shading Mode"},"sceneLighting":true,"audioPlay":false,"sceneViewState":{"showFog":true,"showMaterialUpdate":false,"showSkybox":true,"showFlares":true,"showImageEffects":true,"showParticleSystems":true},"in2DMode":false,"pivot":{"x":-8.750478744506836,"y":1.026383638381958,"z":2.8456990718841554},"rotation":{"x":-0.13067485392093659,"y":0.07217909395694733,"z":-0.009539674036204815,"w":-0.9887483716011047},"size":4.323019504547119,"orthographic":false}