{"cameraMode":{"drawMode":0,"name":"Shaded","section":"Shading Mode"},"sceneLighting":false,"audioPlay":false,"sceneViewState":{"showFog":true,"showMaterialUpdate":false,"showSkybox":true,"showFlares":true,"showImageEffects":true,"showParticleSystems":true},"in2DMode":false,"pivot":{"x":-0.8851396441459656,"y":0.7070275545120239,"z":-1.626341462135315},"rotation":{"x":-0.15192586183547975,"y":0.7543002963066101,"z":-0.18771110475063325,"w":-0.6105032563209534},"size":1.8342033624649048,"orthographic":false}