{"cameraMode":{"drawMode":0,"name":"Shaded","section":"Shading Mode"},"sceneLighting":true,"audioPlay":false,"sceneViewState":{"showFog":true,"showMaterialUpdate":false,"showSkybox":true,"showFlares":true,"showImageEffects":true,"showParticleSystems":true},"in2DMode":false,"pivot":{"x":-3.3790500164031984,"y":0.6265473365783691,"z":-2.3635568618774416},"rotation":{"x":-0.17414428293704987,"y":0.41036152839660647,"z":-0.08015594631433487,"w":-0.8915448784828186},"size":10.732343673706055,"orthographic":false}