{"cameraMode":{"drawMode":0,"name":"Shaded","section":"Shading Mode"},"sceneLighting":false,"audioPlay":false,"sceneViewState":{"showFog":true,"showMaterialUpdate":false,"showSkybox":true,"showFlares":true,"showImageEffects":true,"showParticleSystems":true},"in2DMode":false,"pivot":{"x":0.0,"y":-0.0008311718702316284,"z":0.5864853262901306},"rotation":{"x":-0.13067485392093659,"y":0.07217909395694733,"z":-0.009539674036204815,"w":-0.9887483716011047},"size":2.154406785964966,"orthographic":false}