{"cameraMode":{"drawMode":0,"name":"Shaded","section":"Shading Mode"},"sceneLighting":false,"audioPlay":false,"sceneViewState":{"showFog":true,"showMaterialUpdate":false,"showSkybox":true,"showFlares":true,"showImageEffects":true,"showParticleSystems":true},"in2DMode":false,"pivot":{"x":0.78003990650177,"y":2.825674057006836,"z":-1.1884428262710572},"rotation":{"x":-0.25975990295410159,"y":-0.21000856161117555,"z":0.057985421270132068,"w":-0.9407756924629211},"size":1.69712233543396,"orthographic":false}